Gene,Degree,Betweenness
DNASE1L3,2.021246708889336,0.0
FCN3,1.9652056248717718,0.01282051282051282
S100A9,1.8898737151035978,0.02564102564102564
C1QB,1.5008460837332214,0.0
C1QC,1.4983930064852777,0.0
C1QA,1.460358175548347,0.0
S100A4,1.3646537755588297,0.01282051282051282
STAB1,1.294833059743088,0.0
CTSS,1.2734349816582837,0.0
IGFBP7,1.2394949423419943,0.0
